Operation Breakout Weapon Case,$6.04
eSports 2013 Winter Case,$9.015
Huntsman Weapon Case,$8.479
Huntsman Weapon Case,$8.479
CS:GO Weapon Case,$69.999
Летний кейс eSports 2014,$6.071
"Оружейный кейс CS:GO, тираж #3",$6.993
Operation Bravo Case,$42.444
CS:GO Weapon Case 2,$11.827
Winter Offensive Weapon Case,$6.33
Operation Hydra Case,$18.227
eSports 2013 Case,$34.254
Operation Vanguard Weapon Case,$2.716
Falchion Case,$0.834
Shattered Web Case,$3.61
Operation Wildfire Case,$1.877
Prisma 2 Case,$0.643
Operation Broken Fang Case,$3.63
Horizon Case,$0.739
Chroma Case,$2.486
Gamma 2 Case,$1.659
Prisma Case,$0.58
Gamma Case,$1.674
Danger Zone Case,$0.64
Revolver Case,$1.476
Snakebite Case,$0.209
Glove Case,$3.636
Operation Riptide Case,$4.783
Chroma 2 Case,$1.862
Recoil Case,$0.217
Spectrum Case,$2.013
Shadow Case,$0.801
Dreams & Nightmares Case,$0.75
Clutch Case,$0.397
CS20 Case,$0.619
Operation Phoenix Weapon Case,$2.921
Fracture Case,$0.388
Chroma 3 Case,$1.571
Spectrum 2 Case,$1.234
